{
  "1": {
    "mean": -0.18494526315789425,
    "std": 3.8827737530292787,
    "n": 8569,
    "q25": -1.3104700000000093,
    "q75": 1.1974500000000035
  },
  "2": {
    "mean": -0.18494526315789425,
    "std": 3.9604292280898643,
    "n": 8569,
    "q25": -1.3366794000000095,
    "q75": 1.2213990000000035,
    "estimated": true
  },
  "3": {
    "mean": -0.18494526315789425,
    "std": 4.03808470315045,
    "n": 8569,
    "q25": -1.3628888000000097,
    "q75": 1.2453480000000037,
    "estimated": true
  },
  "4": {
    "mean": -0.18494526315789425,
    "std": 4.115740178211036,
    "n": 8569,
    "q25": -1.38909820000001,
    "q75": 1.2692970000000037,
    "estimated": true
  },
  "5": {
    "mean": -0.18494526315789425,
    "std": 4.1933956532716214,
    "n": 8569,
    "q25": -1.4153076000000102,
    "q75": 1.293246000000004,
    "estimated": true
  },
  "6": {
    "mean": -0.18494526315789425,
    "std": 4.271051128332207,
    "n": 8569,
    "q25": -1.4415170000000104,
    "q75": 1.317195000000004,
    "estimated": true
  },
  "7": {
    "mean": -0.18494526315789425,
    "std": 4.348706603392793,
    "n": 8569,
    "q25": -1.4677264000000105,
    "q75": 1.3411440000000039,
    "estimated": true
  },
  "8": {
    "mean": -0.18494526315789425,
    "std": 4.426362078453378,
    "n": 8569,
    "q25": -1.493935800000011,
    "q75": 1.365093000000004,
    "estimated": true
  },
  "9": {
    "mean": -0.18494526315789425,
    "std": 4.504017553513963,
    "n": 8569,
    "q25": -1.5201452000000106,
    "q75": 1.3890420000000039,
    "estimated": true
  },
  "10": {
    "mean": -0.18494526315789425,
    "std": 4.581673028574548,
    "n": 8569,
    "q25": -1.546354600000011,
    "q75": 1.412991000000004,
    "estimated": true
  },
  "11": {
    "mean": -0.18494526315789425,
    "std": 4.659328503635134,
    "n": 8569,
    "q25": -1.5725640000000112,
    "q75": 1.436940000000004,
    "estimated": true
  },
  "12": {
    "mean": -0.18494526315789425,
    "std": 4.7369839786957195,
    "n": 8569,
    "q25": -1.5987734000000113,
    "q75": 1.460889000000004,
    "estimated": true
  },
  "13": {
    "mean": -0.18494526315789425,
    "std": 4.814639453756306,
    "n": 8569,
    "q25": -1.6249828000000115,
    "q75": 1.4848380000000043,
    "estimated": true
  },
  "14": {
    "mean": -0.18494526315789425,
    "std": 4.8922949288168915,
    "n": 8569,
    "q25": -1.6511922000000119,
    "q75": 1.5087870000000043,
    "estimated": true
  },
  "15": {
    "mean": -0.18494526315789425,
    "std": 4.969950403877477,
    "n": 8569,
    "q25": -1.677401600000012,
    "q75": 1.5327360000000045,
    "estimated": true
  },
  "16": {
    "mean": -0.18494526315789425,
    "std": 5.047605878938063,
    "n": 8569,
    "q25": -1.7036110000000122,
    "q75": 1.5566850000000045,
    "estimated": true
  },
  "17": {
    "mean": -0.18494526315789425,
    "std": 5.125261353998648,
    "n": 8569,
    "q25": -1.7298204000000124,
    "q75": 1.5806340000000045,
    "estimated": true
  },
  "18": {
    "mean": -0.18494526315789425,
    "std": 5.202916829059234,
    "n": 8569,
    "q25": -1.7560298000000127,
    "q75": 1.6045830000000048,
    "estimated": true
  },
  "19": {
    "mean": -0.18494526315789425,
    "std": 5.2805723041198185,
    "n": 8569,
    "q25": -1.7822392000000125,
    "q75": 1.6285320000000045,
    "estimated": true
  },
  "20": {
    "mean": -0.18494526315789425,
    "std": 5.358227779180404,
    "n": 8569,
    "q25": -1.8084486000000128,
    "q75": 1.6524810000000048,
    "estimated": true
  },
  "21": {
    "mean": -0.18494526315789425,
    "std": 5.43588325424099,
    "n": 8569,
    "q25": -1.834658000000013,
    "q75": 1.6764300000000047,
    "estimated": true
  },
  "22": {
    "mean": -0.18494526315789425,
    "std": 5.513538729301575,
    "n": 8569,
    "q25": -1.8608674000000132,
    "q75": 1.7003790000000047,
    "estimated": true
  },
  "23": {
    "mean": -0.18494526315789425,
    "std": 5.591194204362161,
    "n": 8569,
    "q25": -1.8870768000000133,
    "q75": 1.724328000000005,
    "estimated": true
  },
  "24": {
    "mean": -0.18494526315789425,
    "std": 5.668849679422747,
    "n": 8569,
    "q25": -1.9132862000000137,
    "q75": 1.748277000000005,
    "estimated": true
  }
}